word_code_ws,word,word2,word_WordBank1,word_WordBank2,category,WS_class,class,classEH,RescorlaSafyer_class,classEHse,classVerbs,lemma
mcs_vc1_baa,baa,baa,baa baa,baa baa,sounds,NA,NA,SoundEffect,NA,SoundEffect,NA,baa+baa
mcs_vc1_choo,choochoo,choo,choo choo,choo choo,sounds,NA,NA,SoundEffect,NA,SoundEffect,NA,choo+choo
mcs_vc1_cockadoo,cockadoodle,cockadoodledoo,cockadoodledoo,cockadoodledoo,sounds,NA,NA,SoundEffect,NA,SoundEffect,NA,cockadoodledoo
mcs_vc1_grr,grrr,grr,grrr,grrr,sounds,NA,NA,SoundEffect,NA,SoundEffect,NA,grrr
mcs_vc1_meow,meow,meow,meow,meow,sounds,NA,NA,SoundEffect,NA,SoundEffect,NA,meow
mcs_vc1_moo,moo,moo,moo,moo,sounds,NA,NA,SoundEffect,NA,SoundEffect,NA,moo
mcs_vc1_ouch,ouch,ouch,ouch,ouch,sounds,NA,NA,SoundEffect,NA,SoundEffect,NA,ouch
mcs_vc1_quack,quack,quack,quack quack,quack quack,sounds,NA,NA,SoundEffect,NA,SoundEffect,NA,quack+quack
mcs_vc1_uhoh,uhoh,uhoh,uh oh,uh oh,sounds,NA,NA,SoundEffect,NA,SoundEffect,NA,uh+oh
mcs_vc1_vroom,vroom,vroom,vroom,vroom,sounds,NA,NA,SoundEffect,NA,SoundEffect,NA,vroom
mcs_vc1_woof,woof,woof,woof woof,woof woof,sounds,NA,NA,SoundEffect,NA,SoundEffect,NA,woof+woof
mcs_vc1_yum,yum,yum,yum yum,yum yum,sounds,NA,NA,SoundEffect,NA,SoundEffect,NA,yum+yum
mcs_vc2_alligator,alligator,alligator,alligator,alligator,animals,Noun,Noun,Noun,Noun,Noun,Noun,alligator
mcs_vc2_animal,animal,animal,animal,animal,animals,Noun,Noun,Noun,Noun,Noun,Noun,animal
mcs_vc2_ant,ant,ant,ant,ant,animals,Noun,Noun,Noun,Noun,Noun,Noun,ant
mcs_vc2_bear,bear,bear,bear,bear,animals,Noun,Noun,Noun,Noun,Noun,Noun,bear
mcs_vc2_bee,bee,bee,bee,bee,animals,Noun,Noun,Noun,Noun,Noun,Noun,bee
mcs_vc2_bird,bird,bird,bird,bird,animals,Noun,Noun,Noun,Noun,Noun,Noun,bird
mcs_vc2_bug,bug,bug,bug,bug,animals,Noun,Noun,Noun,Noun,Noun,Noun,bug
mcs_vc2_bunny,bunny,bunny,bunny,bunny,animals,Noun,Noun,Noun,Noun,Noun,Noun,bunny
mcs_vc2_butterfly,butterfly,butterfly,butterfly,butterfly,animals,Noun,Noun,Noun,Noun,Noun,Noun,butterfly
mcs_vc2_cat,cat,cat,cat,cat,animals,Noun,Noun,Noun,Noun,Noun,Noun,cat
mcs_vc2_chicken,chicken,chicken,chicken (animal),chicken_ani,animals,Noun,Noun,Noun,Noun,Noun,Noun,chicken
mcs_vc2_cow,cow,cow,cow,cow,animals,Noun,Noun,Noun,Noun,Noun,Noun,cow
mcs_vc2_deer,deer,deer,deer,deer,animals,Noun,Noun,Noun,Noun,Noun,Noun,deer
mcs_vc2_dog,dog,dog,dog,dog,animals,Noun,Noun,Noun,Noun,Noun,Noun,dog
mcs_vc2_donkey,donkey,donkey,donkey,donkey,animals,Noun,Noun,Noun,Noun,Noun,Noun,donkey
mcs_vc2_duck,duck,duck,duck,duck,animals,Noun,Noun,Noun,Noun,Noun,Noun,duck
mcs_vc2_elephant,elephant,elephant,elephant,elephant,animals,Noun,Noun,Noun,Noun,Noun,Noun,elephant
mcs_vc2_fish,fish,fish,fish (animal),fish_ani,animals,Noun,Noun,Noun,Noun,Noun,Noun,fish
mcs_vc2_frog,frog,frog,frog,frog,animals,Noun,Noun,Noun,Noun,Noun,Noun,frog
mcs_vc2_giraffe,giraffe,giraffe,giraffe,giraffe,animals,Noun,Noun,Noun,Noun,Noun,Noun,giraffe
mcs_vc2_goose,goose,goose,goose,goose,animals,Noun,Noun,Noun,Noun,Noun,Noun,goose
mcs_vc2_hen,hen,hen,hen,hen,animals,Noun,Noun,Noun,Noun,Noun,Noun,hen
mcs_vc2_horse,horse,horse,horse,horse,animals,Noun,Noun,Noun,Noun,Noun,Noun,horse
mcs_vc2_kitty,kitty,kitty,kitty,kitty,animals,Noun,Noun,Noun,Noun,Noun,Noun,kitty
mcs_vc2_lamb,lamb,lamb,lamb,lamb,animals,Noun,Noun,Noun,Noun,Noun,Noun,lamb
mcs_vc2_lion,lion,lion,lion,lion,animals,Noun,Noun,Noun,Noun,Noun,Noun,lion
mcs_vc2_monkey,monkey,monkey,monkey,monkey,animals,Noun,Noun,Noun,Noun,Noun,Noun,monkey
mcs_vc2_moose,moose,moose,moose,moose,animals,Noun,Noun,Noun,Noun,Noun,Noun,moose
mcs_vc2_mouse,mouse,mouse,mouse,mouse,animals,Noun,Noun,Noun,Noun,Noun,Noun,mouse
mcs_vc2_owl,owl,owl,owl,owl,animals,Noun,Noun,Noun,Noun,Noun,Noun,owl
mcs_vc2_penguin,penguin,penguin,penguin,penguin,animals,Noun,Noun,Noun,Noun,Noun,Noun,penguin
mcs_vc2_pig,pig,pig,pig,pig,animals,Noun,Noun,Noun,Noun,Noun,Noun,pig
mcs_vc2_pony,pony,pony,pony,pony,animals,Noun,Noun,Noun,Noun,Noun,Noun,pony
mcs_vc2_puppy,puppy,puppy,puppy,puppy,animals,Noun,Noun,Noun,Noun,Noun,Noun,puppy
mcs_vc2_rooster,rooster,rooster,rooster,rooster,animals,Noun,Noun,Noun,Noun,Noun,Noun,rooster
mcs_vc2_sheep,sheep,sheep,sheep,sheep,animals,Noun,Noun,Noun,Noun,Noun,Noun,sheep
mcs_vc2_squirrel,squirrel,squirrel,squirrel,squirrel,animals,Noun,Noun,Noun,Noun,Noun,Noun,squirrel
mcs_vc2_teddybear,teddybear,teddybear,teddybear,teddybear,animals,Noun,Noun,Noun,Noun,Noun,Noun,teddybear
mcs_vc2_tiger,tiger,tiger,tiger,tiger,animals,Noun,Noun,Noun,Noun,Noun,Noun,tiger
mcs_vc2_turkey,turkey,turkey,turkey,turkey,animals,Noun,Noun,Noun,Noun,Noun,Noun,turkey
mcs_vc2_turtle,turtle,turtle,turtle,turtle,animals,Noun,Noun,Noun,Noun,Noun,Noun,turtle
mcs_vc2_wolf,wolf,wolf,wolf,wolf,animals,Noun,Noun,Noun,Noun,Noun,Noun,wolf
mcs_vc2_zebra,zebra,zebra,zebra,zebra,animals,Noun,Noun,Noun,Noun,Noun,Noun,zebra
mcs_vc3_airplane,airplane,airplane,airplane,airplane,vehicles,Noun,Noun,Noun,Noun,Noun,Noun,airplane
mcs_vc3_bicycle,bicycle,bicycle,bicycle,bicycle,vehicles,Noun,Noun,Noun,Noun,Noun,Noun,bicycle
mcs_vc3_boat,boat,boat,boat,boat,vehicles,Noun,Noun,Noun,Noun,Noun,Noun,boat
mcs_vc3_bus,bus,bus,bus,bus,vehicles,Noun,Noun,Noun,Noun,Noun,Noun,bus
mcs_vc3_car,car,car,car,car,vehicles,Noun,Noun,Noun,Noun,Noun,Noun,car
mcs_vc3_firetruck,firetruck,firetruck,firetruck,firetruck,vehicles,Noun,Noun,Noun,Noun,Noun,Noun,firetruck
mcs_vc3_helicopter,helicopter,helicopter,helicopter,helicopter,vehicles,Noun,Noun,Noun,Noun,Noun,Noun,helicopter
mcs_vc3_motorcycle,motorcycle,motorcycle,motorcycle,motorcycle,vehicles,Noun,Noun,Noun,Noun,Noun,Noun,motorcycle
mcs_vc3_sled,sled,sled,sled,sled,vehicles,Noun,Noun,Noun,Noun,Noun,Noun,sled
mcs_vc3_stroller,stroller,stroller,stroller,stroller,vehicles,Noun,Noun,Noun,Noun,Noun,Noun,stroller
mcs_vc3_tractor,tractor,tractor,tractor,tractor,vehicles,Noun,Noun,Noun,Noun,Noun,Noun,tractor
mcs_vc3_train,train,train,train,train,vehicles,Noun,Noun,Noun,Noun,Noun,Noun,train
mcs_vc3_tricycle,tricycle,tricycle,tricycle,tricycle,vehicles,Noun,Noun,Noun,Noun,Noun,Noun,tricycle
mcs_vc3_truck,truck,truck,truck,truck,vehicles,Noun,Noun,Noun,Noun,Noun,Noun,truck
mcs_vc4_ball,ball,ball,ball,ball,toys,Noun,Noun,Noun,Noun,Noun,Noun,ball
mcs_vc4_balloon,balloon,balloon,balloon,balloon,toys,Noun,Noun,Noun,Noun,Noun,Noun,balloon
mcs_vc4_bat,bat,bat,bat,bat,toys,Noun,Noun,Noun,Noun,Noun,Noun,bat
mcs_vc4_block,block,block,block,block,toys,Noun,Noun,Noun,Noun,Noun,Noun,block
mcs_vc4_book,book,book,book,book,toys,Noun,Noun,Noun,Noun,Noun,Noun,book
mcs_vc4_bubbles,bubbles,bubbles,bubbles,bubbles,toys,Noun,Noun,Noun,Noun,Noun,Noun,bubbles
mcs_vc4_chalk,chalk,chalk,chalk,chalk,toys,Noun,Noun,Noun,Noun,Noun,Noun,chalk
mcs_vc4_crayon,crayon,crayon,crayon,crayon,toys,Noun,Noun,Noun,Noun,Noun,Noun,crayon
mcs_vc4_doll,doll,doll,doll,doll,toys,Noun,Noun,Noun,Noun,Noun,Noun,doll
mcs_vc4_game,game,game,game,game,toys,Noun,Noun,Noun,Noun,Noun,Noun,game
mcs_vc4_glue,glue,glue,glue,glue,toys,Noun,Noun,Noun,Noun,Noun,Noun,glue
mcs_vc4_pen,pen,pen,pen,pen,toys,Noun,Noun,Noun,Noun,Noun,Noun,pen
mcs_vc4_pencil,pencil,pencil,pencil,pencil,toys,Noun,Noun,Noun,Noun,Noun,Noun,pencil
mcs_vc4_playdough,playdough,playdough,playdough,playdough,toys,Noun,Noun,Noun,Noun,Noun,Noun,play+dough
mcs_vc4_present,present,present,present,present,toys,Noun,Noun,Noun,Noun,Noun,Noun,present
mcs_vc4_puzzle,puzzle,puzzle,puzzle,puzzle,toys,Noun,Noun,Noun,Noun,Noun,Noun,puzzle
mcs_vc4_story,story,story,story,story,toys,Noun,Noun,Noun,Noun,Noun,Noun,story
mcs_vc4_toy,toy,toy,toy,toy_obj,toys,Noun,Noun,Noun,Noun,Noun,Noun,toy
mcs_vc5_apple,apple,apple,apple,apple,food_drink,Noun,Noun,Noun,Noun,Noun,Noun,apple
mcs_vc5_applesauce,applesauce,applesauce,applesauce,applesauce,food_drink,Noun,Noun,Noun,Noun,Noun,Noun,applesauce
mcs_vc5_banana,banana,banana,banana,banana,food_drink,Noun,Noun,Noun,Noun,Noun,Noun,banana
mcs_vc5_beans,beans,beans,beans,beans,food_drink,Noun,Noun,Noun,Noun,Noun,Noun,beans
mcs_vc5_bread,bread,bread,bread,bread,food_drink,Noun,Noun,Noun,Noun,Noun,Noun,bread
mcs_vc5_butter,butter,butter,butter,butter,food_drink,Noun,Noun,Noun,Noun,Noun,Noun,butter
mcs_vc5_cake,cake,cake,cake,cake,food_drink,Noun,Noun,Noun,Noun,Noun,Noun,cake
mcs_vc5_candy,candy,candy,candy,candy,food_drink,Noun,Noun,Noun,Noun,Noun,Noun,candy
mcs_vc5_carrots,carrots,carrots,carrots,carrots,food_drink,Noun,Noun,Noun,Noun,Noun,Noun,carrots
mcs_vc5_cereal,cereal,cereal,cereal,cereal,food_drink,Noun,Noun,Noun,Noun,Noun,Noun,cereal
mcs_vc5_cheerios,cheerios,cheerios,cheerios,cheerios,food_drink,Noun,Noun,Noun,Noun,Noun,Noun,cheerios
mcs_vc5_cheese,cheese,cheese,cheese,cheese,food_drink,Noun,Noun,Noun,Noun,Noun,Noun,cheese
mcs_vc5_chicken,chicken,chicken,chicken,chicken_foo,food_drink,Noun,Noun,Noun,Noun,Noun,Noun,chicken
mcs_vc5_chocolate,chocolate,chocolate,chocolate,chocolate,food_drink,Noun,Noun,Noun,Noun,Noun,Noun,chocolate
mcs_vc5_coffee,coffee,coffee,coffee,coffee,food_drink,Noun,Noun,Noun,Noun,Noun,Noun,coffee
mcs_vc5_coke,coke,coke,coke,coke,food_drink,Noun,Noun,Noun,Noun,Noun,Noun,coke
mcs_vc5_cookie,cookie,cookie,cookie,cookie,food_drink,Noun,Noun,Noun,Noun,Noun,Noun,cookie
mcs_vc5_corn,corn,corn,corn,corn,food_drink,Noun,Noun,Noun,Noun,Noun,Noun,corn
mcs_vc5_cracker,cracker,cracker,cracker,cracker,food_drink,Noun,Noun,Noun,Noun,Noun,Noun,cracker
mcs_vc5_donut,donut,donut,donut,donut,food_drink,Noun,Noun,Noun,Noun,Noun,Noun,donut
mcs_vc5_drink,drink,drink,drink,drink_bev,food_drink,Noun,Noun,Noun,Noun,Noun,Noun,drink
mcs_vc5_egg,egg,egg,egg,egg,food_drink,Noun,Noun,Noun,Noun,Noun,Noun,egg
mcs_vc5_fish,fish,fish,fish,fish_foo,food_drink,Noun,Noun,Noun,Noun,Noun,Noun,fish
mcs_vc5_food,food,food,food,food,food_drink,Noun,Noun,Noun,Noun,Noun,Noun,food
mcs_vc5_frenchfries,frenchfries,frenchfries,frenchfries,frenchfries,food_drink,Noun,Noun,Noun,Noun,Noun,Noun,french+fries
mcs_vc5_grapes,grapes,grapes,grapes,grapes,food_drink,Noun,Noun,Noun,Noun,Noun,Noun,grapes
mcs_vc5_greenbeans,greenbeans,greenbeans,greenbeans,greenbeans,food_drink,Noun,Noun,Noun,Noun,Noun,Noun,green+beans
mcs_vc5_gum,gum,gum,gum,gum,food_drink,Noun,Noun,Noun,Noun,Noun,Noun,gum
mcs_vc5_hamburger,hamburger,hamburger,hamburger,hamburger,food_drink,Noun,Noun,Noun,Noun,Noun,Noun,hamburger
mcs_vc5_ice,ice,ice,ice,ice,food_drink,Noun,Noun,Noun,Noun,Noun,Noun,ice
mcs_vc5_icecream,icecream,icecream,icecream,icecream,food_drink,Noun,Noun,Noun,Noun,Noun,Noun,ice+cream
mcs_vc5_jello,jello,jello,jello,jello,food_drink,Noun,Noun,Noun,Noun,Noun,Noun,jello
mcs_vc5_jelly,jelly,jelly,jelly,jelly,food_drink,Noun,Noun,Noun,Noun,Noun,Noun,jelly
mcs_vc5_juice,juice,juice,juice,juice,food_drink,Noun,Noun,Noun,Noun,Noun,Noun,juice
mcs_vc5_lollipop,lollipop,lollipop,lollipop,lollipop,food_drink,Noun,Noun,Noun,Noun,Noun,Noun,lollipop
mcs_vc5_meat,meat,meat,meat,meat,food_drink,Noun,Noun,Noun,Noun,Noun,Noun,meat
mcs_vc5_melon,melon,melon,melon,melon,food_drink,Noun,Noun,Noun,Noun,Noun,Noun,melon
mcs_vc5_milk,milk,milk,milk,milk,food_drink,Noun,Noun,Noun,Noun,Noun,Noun,milk
mcs_vc5_muffin,muffin,muffin,muffin,muffin,food_drink,Noun,Noun,Noun,Noun,Noun,Noun,muffin
mcs_vc5_noodles,noodles,noodles,noodles,noodles,food_drink,Noun,Noun,Noun,Noun,Noun,Noun,noodles
mcs_vc5_nuts,nuts,nuts,nuts,nuts,food_drink,Noun,Noun,Noun,Noun,Noun,Noun,nuts
mcs_vc5_orange,orange,orange,orange,orange_foo,food_drink,Noun,Noun,Noun,Noun,Noun,Noun,orange
mcs_vc5_pancake,pancake,pancake,pancake,pancake,food_drink,Noun,Noun,Noun,Noun,Noun,Noun,pancake
mcs_vc5_peanutbutter,peanutbutter,peanutbutter,peanutbutter,peanutbutter,food_drink,Noun,Noun,Noun,Noun,Noun,Noun,peanut+butter
mcs_vc5_peas,peas,peas,peas,peas,food_drink,Noun,Noun,Noun,Noun,Noun,Noun,peas
mcs_vc5_pickle,pickle,pickle,pickle,pickle,food_drink,Noun,Noun,Noun,Noun,Noun,Noun,pickle
mcs_vc5_pizza,pizza,pizza,pizza,pizza,food_drink,Noun,Noun,Noun,Noun,Noun,Noun,pizza
mcs_vc5_popcorn,popcorn,popcorn,popcorn,popcorn,food_drink,Noun,Noun,Noun,Noun,Noun,Noun,popcorn
mcs_vc5_popsicle,popsicle,popsicle,popsicle,popsicle,food_drink,Noun,Noun,Noun,Noun,Noun,Noun,popsicle
mcs_vc5_potato,potato,potato,potato,potato,food_drink,Noun,Noun,Noun,Noun,Noun,Noun,potato
mcs_vc5_potatochip,potatochip,potatochip,potatochip,potatochip,food_drink,Noun,Noun,Noun,Noun,Noun,Noun,potato+chip
mcs_vc5_pretzel,pretzel,pretzel,pretzel,pretzel,food_drink,Noun,Noun,Noun,Noun,Noun,Noun,pretzel
mcs_vc5_pudding,pudding,pudding,pudding,pudding,food_drink,Noun,Noun,Noun,Noun,Noun,Noun,pudding
mcs_vc5_pumpkin,pumpkin,pumpkin,pumpkin,pumpkin,food_drink,Noun,Noun,Noun,Noun,Noun,Noun,pumpkin
mcs_vc5_raisin,raisin,raisin,raisin,raisin,food_drink,Noun,Noun,Noun,Noun,Noun,Noun,raisin
mcs_vc5_salt,salt,salt,salt,salt,food_drink,Noun,Noun,Noun,Noun,Noun,Noun,salt
mcs_vc5_sandwich,sandwich,sandwich,sandwich,sandwich,food_drink,Noun,Noun,Noun,Noun,Noun,Noun,sandwich
mcs_vc5_sauce,sauce,sauce,sauce,sauce,food_drink,Noun,Noun,Noun,Noun,Noun,Noun,sauce
mcs_vc5_sodapop,soda/pop,soda/pop,soda/pop,soda/pop,food_drink,Noun,Noun,Noun,Noun,Noun,Noun,soda/pop
mcs_vc5_soup,soup,soup,soup,soup,food_drink,Noun,Noun,Noun,Noun,Noun,Noun,soup
mcs_vc5_spaghetti,spaghetti,spaghetti,spaghetti,spaghetti,food_drink,Noun,Noun,Noun,Noun,Noun,Noun,spaghetti
mcs_vc5_strawberry,strawberry,strawberry,strawberry,strawberry,food_drink,Noun,Noun,Noun,Noun,Noun,Noun,strawberry
mcs_vc5_toast,toast,toast,toast,toast,food_drink,Noun,Noun,Noun,Noun,Noun,Noun,toast
mcs_vc5_tuna,tuna,tuna,tuna,tuna,food_drink,Noun,Noun,Noun,Noun,Noun,Noun,tuna
mcs_vc5_vanilla,vanilla,vanilla,vanilla,vanilla,food_drink,Noun,Noun,Noun,Noun,Noun,Noun,vanilla
mcs_vc5_vitamins,vitamins,vitamins,vitamins,vitamins,food_drink,Noun,Noun,Noun,Noun,Noun,Noun,vitamins
mcs_vc5_water,water,water,water,water_bev,food_drink,Noun,Noun,Noun,Noun,Noun,Noun,water
mcs_vc5_yogurt,yogurt,yogurt,yogurt,yogurt,food_drink,Noun,Noun,Noun,Noun,Noun,Noun,yogurt
mcs_vc6_beads,beads,beads,beads,beads,clothing,Noun,Noun,Noun,Noun,Noun,Noun,beads
mcs_vc6_belt,belt,belt,belt,belt,clothing,Noun,Noun,Noun,Noun,Noun,Noun,belt
mcs_vc6_bib,bib,bib,bib,bib,clothing,Noun,Noun,Noun,Noun,Noun,Noun,bib
mcs_vc6_boots,boots,boots,boots,boots,clothing,Noun,Noun,Noun,Noun,Noun,Noun,boots
mcs_vc6_button,button,button,button,button,clothing,Noun,Noun,Noun,Noun,Noun,Noun,button
mcs_vc6_coat,coat,coat,coat,coat,clothing,Noun,Noun,Noun,Noun,Noun,Noun,coat
mcs_vc6_diaper,diaper,diaper,diaper,diaper,clothing,Noun,Noun,Noun,Noun,Noun,Noun,diaper
mcs_vc6_dress,dress,dress,dress,dress_obj,clothing,Noun,Noun,Noun,Noun,Noun,Noun,dress
mcs_vc6_gloves,gloves,gloves,gloves,gloves,clothing,Noun,Noun,Noun,Noun,Noun,Noun,gloves
mcs_vc6_hat,hat,hat,hat,hat,clothing,Noun,Noun,Noun,Noun,Noun,Noun,hat
mcs_vc6_jacket,jacket,jacket,jacket,jacket,clothing,Noun,Noun,Noun,Noun,Noun,Noun,jacket
mcs_vc6_jeans,jeans,jeans,jeans,jeans,clothing,Noun,Noun,Noun,Noun,Noun,Noun,jeans
mcs_vc6_mittens,mittens,mittens,mittens,mittens,clothing,Noun,Noun,Noun,Noun,Noun,Noun,mittens
mcs_vc6_necklace,necklace,necklace,necklace,necklace,clothing,Noun,Noun,Noun,Noun,Noun,Noun,necklace
mcs_vc6_pajamas,pajamas,pajamas,pajamas,pajamas,clothing,Noun,Noun,Noun,Noun,Noun,Noun,pajamas
mcs_vc6_pants,pants,pants,pants,pants,clothing,Noun,Noun,Noun,Noun,Noun,Noun,pants
mcs_vc6_scarf,scarf,scarf,scarf,scarf,clothing,Noun,Noun,Noun,Noun,Noun,Noun,scarf
mcs_vc6_shirt,shirt,shirt,shirt,shirt,clothing,Noun,Noun,Noun,Noun,Noun,Noun,shirt
mcs_vc6_shoe,shoe,shoe,shoe,shoe,clothing,Noun,Noun,Noun,Noun,Noun,Noun,shoe
mcs_vc6_shorts,shorts,shorts,shorts,shorts,clothing,Noun,Noun,Noun,Noun,Noun,Noun,shorts
mcs_vc6_slipper,slipper,slipper,slipper,slipper,clothing,Noun,Noun,Noun,Noun,Noun,Noun,slipper
mcs_vc6_sneaker,sneaker,sneaker,sneaker,sneaker,clothing,Noun,Noun,Noun,Noun,Noun,Noun,sneaker
mcs_vc6_snowsuit,snowsuit,snowsuit,snowsuit,snowsuit,clothing,Noun,Noun,Noun,Noun,Noun,Noun,snowsuit
mcs_vc6_sock,sock,sock,sock,sock,clothing,Noun,Noun,Noun,Noun,Noun,Noun,sock
mcs_vc6_sweater,sweater,sweater,sweater,sweater,clothing,Noun,Noun,Noun,Noun,Noun,Noun,sweater
mcs_vc6_tights,tights,tights,tights,tights,clothing,Noun,Noun,Noun,Noun,Noun,Noun,tights
mcs_vc6_underpants,underpants,underpants,underpants,underpants,clothing,Noun,Noun,Noun,Noun,Noun,Noun,underpants
mcs_vc6_zipper,zipper,zipper,zipper,zipper,clothing,Noun,Noun,Noun,Noun,Noun,Noun,zipper
mcs_vc7_ankle,ankle,ankle,ankle,ankle,body_parts,Noun,Noun,Noun,Noun,Noun,Noun,ankle
mcs_vc7_arm,arm,arm,arm,arm,body_parts,Noun,Noun,Noun,Noun,Noun,Noun,arm
mcs_vc7_bellybutton,bellybutton,bellybutton,bellybutton,bellybutton,body_parts,Noun,Noun,Noun,Noun,Noun,Noun,belly+button
mcs_vc7_buttocks_bottom,buttocks/bottom,buttocks/bottom,buttocks/bottom,buttocks/bottom,body_parts,Noun,Noun,Noun,Noun,Noun,Noun,buttocks/bottom
mcs_vc7_cheek,cheek,cheek,cheek,cheek,body_parts,Noun,Noun,Noun,Noun,Noun,Noun,cheek
mcs_vc7_chin,chin,chin,chin,chin,body_parts,Noun,Noun,Noun,Noun,Noun,Noun,chin
mcs_vc7_ear,ear,ear,ear,ear,body_parts,Noun,Noun,Noun,Noun,Noun,Noun,ear
mcs_vc7_eye,eye,eye,eye,eye,body_parts,Noun,Noun,Noun,Noun,Noun,Noun,eye
mcs_vc7_face,face,face,face,face,body_parts,Noun,Noun,Noun,Noun,Noun,Noun,face
mcs_vc7_feet,feet,feet,feet,feet,body_parts,Noun,Noun,Noun,Noun,Noun,Noun,foot
mcs_vc7_finger,finger,finger,finger,finger,body_parts,Noun,Noun,Noun,Noun,Noun,Noun,finger
mcs_vc7_hair,hair,hair,hair,hair,body_parts,Noun,Noun,Noun,Noun,Noun,Noun,hair
mcs_vc7_hand,hand,hand,hand,hand,body_parts,Noun,Noun,Noun,Noun,Noun,Noun,hand
mcs_vc7_head,head,head,head,head,body_parts,Noun,Noun,Noun,Noun,Noun,Noun,head
mcs_vc7_knee,knee,knee,knee,knee,body_parts,Noun,Noun,Noun,Noun,Noun,Noun,knee
mcs_vc7_leg,leg,leg,leg,leg,body_parts,Noun,Noun,Noun,Noun,Noun,Noun,leg
mcs_vc7_lips,lips,lips,lips,lips,body_parts,Noun,Noun,Noun,Noun,Noun,Noun,lips
mcs_vc7_mouth,mouth,mouth,mouth,mouth,body_parts,Noun,Noun,Noun,Noun,Noun,Noun,mouth
mcs_vc7_nose,nose,nose,nose,nose,body_parts,Noun,Noun,Noun,Noun,Noun,Noun,nose
mcs_vc7_owie_booboo,owiebooboo,owiebooboo,owiebooboo,owiebooboo,body_parts,Noun,Noun,Noun,Noun,Noun,Noun,owie/boo+boo
mcs_vc7_penis,penis,penis,penis,penis,body_parts,Noun,Noun,Noun,Noun,Noun,Noun,penis
mcs_vc7_shoulder,shoulder,shoulder,shoulder,shoulder,body_parts,Noun,Noun,Noun,Noun,Noun,Noun,shoulder
mcs_vc7_tooth,tooth,tooth,tooth,tooth,body_parts,Noun,Noun,Noun,Noun,Noun,Noun,tooth
mcs_vc7_toe,toe,toe,toe,toe,body_parts,Noun,Noun,Noun,Noun,Noun,Noun,toe
mcs_vc7_tongue,tongue,tongue,tongue,tongue,body_parts,Noun,Noun,Noun,Noun,Noun,Noun,tongue
mcs_vc7_tummy,tummy,tummy,tummy,tummy,body_parts,Noun,Noun,Noun,Noun,Noun,Noun,tummy
mcs_vc7_vagina,vagina,vagina,vagina,vagina,body_parts,Noun,Noun,Noun,Noun,Noun,Noun,vagina
mcs_vc8_basket,basket,basket,basket,basket,household,Noun,Noun,Noun,Noun,Noun,Noun,basket
mcs_vc8_blanket,blanket,blanket,blanket,blanket,household,Noun,Noun,Noun,Noun,Noun,Noun,blanket
mcs_vc8_bottle,bottle,bottle,bottle,bottle,household,Noun,Noun,Noun,Noun,Noun,Noun,bottle
mcs_vc8_box,box,box,box,box,household,Noun,Noun,Noun,Noun,Noun,Noun,box
mcs_vc8_bowl,5bowl,bowl,5bowl,5bowl,household,Noun,Noun,Noun,Noun,Noun,Noun,bowl
mcs_vc8_broom,broom,broom,broom,broom,household,Noun,Noun,Noun,Noun,Noun,Noun,broom
mcs_vc8_brush,brush,brush,brush,brush,household,Noun,Noun,Noun,Noun,Noun,Noun,brush
mcs_vc8_bucket,bucket,bucket,bucket,bucket,household,Noun,Noun,Noun,Noun,Noun,Noun,bucket
mcs_vc8_camera,camera,camera,camera,camera,household,Noun,Noun,Noun,Noun,Noun,Noun,camera
mcs_vc8_can,can,can,can (house),can_obj,household,Noun,Noun,Noun,Noun,Noun,Noun,can
mcs_vc8_clock,clock,clock,clock,clock,household,Noun,Noun,Noun,Noun,Noun,Noun,clock
mcs_vc8_comb,comb,comb,comb,comb,household,Noun,Noun,Noun,Noun,Noun,Noun,comb
mcs_vc8_cup,cup,cup,cup,cup,household,Noun,Noun,Noun,Noun,Noun,Noun,cup
mcs_vc8_dish,dish,dish,dish,dish,household,Noun,Noun,Noun,Noun,Noun,Noun,dish
mcs_vc8_fork,fork,fork,fork,fork,household,Noun,Noun,Noun,Noun,Noun,Noun,fork
mcs_vc8_garbage,garbage,garbage,garbage,garbage,household,Noun,Noun,Noun,Noun,Noun,Noun,garbage
mcs_vc8_glass,glass,glass,glass,glass,household,Noun,Noun,Noun,Noun,Noun,Noun,glass
mcs_vc8_glasses,glasses,glasses,glasses,glasses,household,Noun,Noun,Noun,Noun,Noun,Noun,glasses
mcs_vc8_hammer,hammer,hammer,hammer,hammer,household,Noun,Noun,Noun,Noun,Noun,Noun,hammer
mcs_vc8_jar,jar,jar,jar,jar,household,Noun,Noun,Noun,Noun,Noun,Noun,jar
mcs_vc8_keys,keys,keys,keys,keys,household,Noun,Noun,Noun,Noun,Noun,Noun,keys
mcs_vc8_knife,knife,knife,knife,knife,household,Noun,Noun,Noun,Noun,Noun,Noun,knife
mcs_vc8_lamp,lamp,lamp,lamp,lamp,household,Noun,Noun,Noun,Noun,Noun,Noun,lamp
mcs_vc8_light,light,light,light,light,household,Noun,Noun,Noun,Noun,Noun,Noun,light
mcs_vc8_medicine,medicine,medicine,medicine,medicine,household,Noun,Noun,Noun,Noun,Noun,Noun,medicine
mcs_vc8_money,money,money,money,money,household,Noun,Noun,Noun,Noun,Noun,Noun,money
mcs_vc8_mop,mop,mop,mop,mop,household,Noun,Noun,Noun,Noun,Noun,Noun,mop
mcs_vc8_nail,nail,nail,nail,nail,household,Noun,Noun,Noun,Noun,Noun,Noun,nail
mcs_vc8_napkin,napkin,napkin,napkin,napkin,household,Noun,Noun,Noun,Noun,Noun,Noun,napkin
mcs_vc8_paper,paper,paper,paper,paper,household,Noun,Noun,Noun,Noun,Noun,Noun,paper
mcs_vc8_penny,penny,penny,penny,penny,household,Noun,Noun,Noun,Noun,Noun,Noun,penny
mcs_vc8_picture,picture,picture,picture,picture,household,Noun,Noun,Noun,Noun,Noun,Noun,picture
mcs_vc8_pillow,pillow,pillow,pillow,pillow,household,Noun,Noun,Noun,Noun,Noun,Noun,pillow
mcs_vc8_plant,plant,plant,plant,plant,household,Noun,Noun,Noun,Noun,Noun,Noun,plant
mcs_vc8_plate,plate,plate,plate,plate,household,Noun,Noun,Noun,Noun,Noun,Noun,plate
mcs_vc8_purse,purse,purse,purse,purse,household,Noun,Noun,Noun,Noun,Noun,Noun,purse
mcs_vc8_radio,radio,radio,radio,radio,household,Noun,Noun,Noun,Noun,Noun,Noun,radio
mcs_vc8_scissors,scissors,scissors,scissors,scissors,household,Noun,Noun,Noun,Noun,Noun,Noun,scissors
mcs_vc8_soap,soap,soap,soap,soap,household,Noun,Noun,Noun,Noun,Noun,Noun,soap
mcs_vc8_spoon,spoon,spoon,spoon,spoon,household,Noun,Noun,Noun,Noun,Noun,Noun,spoon
mcs_vc8_tape,tape,tape,tape,tape,household,Noun,Noun,Noun,Noun,Noun,Noun,tape
mcs_vc8_telephone,telephone,telephone,telephone,telephone,household,Noun,Noun,Noun,Noun,Noun,Noun,telephone
mcs_vc8_tissklee,tissklee,tissklee,tissklee,tissklee,household,Noun,Noun,Noun,Noun,Noun,Noun,tissue/kleenex
mcs_vc8_toothbrush,toothbrush,toothbrush,toothbrush,toothbrush,household,Noun,Noun,Noun,Noun,Noun,Noun,toothbrush
mcs_vc8_towel,towel,towel,towel,towel,household,Noun,Noun,Noun,Noun,Noun,Noun,towel
mcs_vc8_trash,trash,trash,trash,trash,household,Noun,Noun,Noun,Noun,Noun,Noun,trash
mcs_vc8_tray,tray,tray,tray,tray,household,Noun,Noun,Noun,Noun,Noun,Noun,tray
mcs_vc8_vacuum,vacuum,vacuum,vacuum,vacuum,household,Noun,Noun,Noun,Noun,Noun,Noun,vacuum
mcs_vc8_walker,walker,walker,walker,walker,household,Noun,Noun,Noun,Noun,Noun,Noun,walker
mcs_vc8_watch,watch,watch,watch,watch_obj,household,Noun,Noun,Noun,Noun,Noun,Noun,watch
mcs_vc9_basement,basement,basement,basement,basement,furniture_rooms,Noun,Noun,Noun,Noun,Noun,Noun,basement
mcs_vc9_bathroom,bathroom,bathroom,bathroom,bathroom,furniture_rooms,Noun,Noun,Noun,Noun,Noun,Noun,bathroom
mcs_vc9_bathtub,bathtub,bathtub,bathtub,bathtub,furniture_rooms,Noun,Noun,Noun,Noun,Noun,Noun,bathtub
mcs_vc9_bed,bed,bed,bed,bed,furniture_rooms,Noun,Noun,Noun,Noun,Noun,Noun,bed
mcs_vc9_bedroom,bedroom,bedroom,bedroom,bedroom,furniture_rooms,Noun,Noun,Noun,Noun,Noun,Noun,bedroom
mcs_vc9_bench,bench,bench,bench,bench,furniture_rooms,Noun,Noun,Noun,Noun,Noun,Noun,bench
mcs_vc9_chair,chair,chair,chair,chair,furniture_rooms,Noun,Noun,Noun,Noun,Noun,Noun,chair
mcs_vc9_closet,closet,closet,closet,closet,furniture_rooms,Noun,Noun,Noun,Noun,Noun,Noun,closet
mcs_vc9_couch,couch,couch,couch,couch,furniture_rooms,Noun,Noun,Noun,Noun,Noun,Noun,couch
mcs_vc9_crib,crib,crib,crib,crib,furniture_rooms,Noun,Noun,Noun,Noun,Noun,Noun,crib
mcs_vc9_door,door,door,door,door,furniture_rooms,Noun,Noun,Noun,Noun,Noun,Noun,door
mcs_vc9_drawer,drawer,drawer,drawer,drawer,furniture_rooms,Noun,Noun,Noun,Noun,Noun,Noun,drawer
mcs_vc9_dryer,dryer,dryer,dryer,dryer,furniture_rooms,Noun,Noun,Noun,Noun,Noun,Noun,dryer
mcs_vc9_garage,garage,garage,garage,garage,furniture_rooms,Noun,Noun,Noun,Noun,Noun,Noun,garage
mcs_vc9_highchair,highchair,highchair,highchair,highchair,furniture_rooms,Noun,Noun,Noun,Noun,Noun,Noun,high+chair
mcs_vc9_kitchen,kitchen,kitchen,kitchen,kitchen,furniture_rooms,Noun,Noun,Noun,Noun,Noun,Noun,kitchen
mcs_vc9_livingroom,livingroom,livingroom,livingroom,livingroom,furniture_rooms,Noun,Noun,Noun,Noun,Noun,Noun,living+room
mcs_vc9_oven,oven,oven,oven,oven,furniture_rooms,Noun,Noun,Noun,Noun,Noun,Noun,oven
mcs_vc9_playpen,playpen,playpen,playpen,playpen,furniture_rooms,Noun,Noun,Noun,Noun,Noun,Noun,play+pen
mcs_vc9_porch,porch,porch,porch,porch,furniture_rooms,Noun,Noun,Noun,Noun,Noun,Noun,porch
mcs_vc9_potty,potty,potty,potty,potty,furniture_rooms,Noun,Noun,Noun,Noun,Noun,Noun,potty
mcs_vc9_refrigerator,refrigerator,refrigerator,refrigerator,refrigerator,furniture_rooms,Noun,Noun,Noun,Noun,Noun,Noun,rocking+chair
mcs_vc9_rockingchair,rockingchair,rockingchair,rockingchair,rockingchair,furniture_rooms,Noun,Noun,Noun,Noun,Noun,Noun,refrigerator
mcs_vc9_room,room,room,room,room,furniture_rooms,Noun,Noun,Noun,Noun,Noun,Noun,room
mcs_vc9_shower,shower,shower,shower,shower,furniture_rooms,Noun,Noun,Noun,Noun,Noun,Noun,shower
mcs_vc9_sink,sink,sink,sink,sink,furniture_rooms,Noun,Noun,Noun,Noun,Noun,Noun,sink
mcs_vc9_sofa,sofa,sofa,sofa,sofa,furniture_rooms,Noun,Noun,Noun,Noun,Noun,Noun,sofa
mcs_vc9_stairs,stairs,stairs,stairs,stairs,furniture_rooms,Noun,Noun,Noun,Noun,Noun,Noun,stairs
mcs_vc9_stove,stove,stove,stove,stove,furniture_rooms,Noun,Noun,Noun,Noun,Noun,Noun,stove
mcs_vc9_table,table,table,table,table,furniture_rooms,Noun,Noun,Noun,Noun,Noun,Noun,table
mcs_vc9_tv,TV,TV,TV,TV,furniture_rooms,Noun,Noun,Noun,Noun,Noun,Noun,TV
mcs_vc9_washingmachine,washingmachine,washingmachine,washingmachine,washingmachine,furniture_rooms,Noun,Noun,Noun,Noun,Noun,Noun,window
mcs_vc9_window,window,window,window,window,furniture_rooms,Noun,Noun,Noun,Noun,Noun,Noun,washing+machine
mcs_vc10_backyard,backyard,backyard,backyard,backyard,outside,NA,NA,Noun,Noun,Noun,NA,backyard
mcs_vc10_cloud,cloud,cloud,cloud,cloud,outside,NA,NA,Noun,Noun,Noun,NA,cloud
mcs_vc10_flag,flag,flag,flag,flag,outside,NA,NA,Noun,Noun,Noun,NA,flag
mcs_vc10_flower,flower,flower,flower,flower,outside,NA,NA,Noun,Noun,Noun,NA,flower
mcs_vc10_garden,garden,garden,garden,garden,outside,NA,NA,Noun,Noun,Noun,NA,garden
mcs_vc10_grass,grass,grass,grass,grass,outside,NA,NA,Noun,Noun,Noun,NA,grass
mcs_vc10_hose,hose,hose,hose,hose,outside,NA,NA,Noun,Noun,Noun,NA,hose
mcs_vc10_ladder,ladder,ladder,ladder,ladder,outside,NA,NA,Noun,Noun,Noun,NA,ladder
mcs_vc10_lawnmower,lawnmower,lawnmower,lawnmower,lawnmower,outside,NA,NA,Noun,Noun,Noun,NA,lawn+mower
mcs_vc10_moon,moon,moon,moon,moon,outside,NA,NA,Noun,Noun,Noun,NA,moon
mcs_vc10_pool,pool,pool,pool,pool,outside,NA,NA,Noun,Noun,Noun,NA,pool
mcs_vc10_rain,rain,rain,rain,rain,outside,NA,NA,Noun,Noun,Noun,NA,rain
mcs_vc10_rock,rock,rock,rock,rock,outside,NA,NA,Noun,Noun,Noun,NA,rock
mcs_vc10_roof,roof,roof,roof,roof,outside,NA,NA,Noun,Noun,Noun,NA,roof
mcs_vc10_sandbox,sandbox,sandbox,sandbox,sandbox,outside,NA,NA,Noun,Noun,Noun,NA,sandbox
mcs_vc10_shovel,shovel,shovel,shovel,shovel,outside,NA,NA,Noun,Noun,Noun,NA,shovel
mcs_vc10_sidewalk,sidewalk,sidewalk,sidewalk,sidewalk,outside,NA,NA,Noun,Noun,Noun,NA,sidewalk
mcs_vc10_sky,sky,sky,sky,sky,outside,NA,NA,Noun,Noun,Noun,NA,sky
mcs_vc10_slide,slide,slide,slide,slide_obj,outside,NA,NA,Noun,Noun,Noun,NA,slide
mcs_vc10_snow,snow,snow,snow,snow,outside,NA,NA,Noun,Noun,Noun,NA,snow
mcs_vc10_snowman,snowman,snowman,snowman,snowman,outside,NA,NA,Noun,Noun,Noun,NA,snowman
mcs_vc10_sprinkler,sprinkler,sprinkler,sprinkler,sprinkler,outside,NA,NA,Noun,Noun,Noun,NA,sprinkler
mcs_vc10_star,star,star,star,star,outside,NA,NA,Noun,Noun,Noun,NA,star
mcs_vc10_stick,stick,stick,stick,stick,outside,NA,NA,Noun,Noun,Noun,NA,stick
mcs_vc10_stone,stone,stone,stone,stone,outside,NA,NA,Noun,Noun,Noun,NA,stone
mcs_vc10_street,street,street,street,street,outside,NA,NA,Noun,Noun,Noun,NA,street
mcs_vc10_sun,sun,sun,sun,sun,outside,NA,NA,Noun,Noun,Noun,NA,sun
mcs_vc10_swing,swing,swing,swing,swing_obj,outside,NA,NA,Noun,Noun,Noun,NA,swing
mcs_vc10_tree,tree,tree,tree,tree,outside,NA,NA,Noun,Noun,Noun,NA,tree
mcs_vc10_water,water,water,water,water_notbev,outside,NA,NA,Noun,Noun,Noun,NA,water
mcs_vc10_wind,wind,wind,wind,wind,outside,NA,NA,Noun,Noun,Noun,NA,wind
mcs_vc14_spill,spill,spill,spill,spill,action_words,Predicate,Predicate,Predicate,Verb,Verb,Verb,spill
mcs_vc11_beach,beach,beach,beach,beach,places_to_go,NA,NA,Noun,Noun,Noun,NA,beach
mcs_vc11_camping,camping,camping,camping,camping,places_to_go,NA,NA,NA,NA,NA,NA,camping
mcs_vc11_church,church,church,church,church,places_to_go,NA,NA,Noun,Noun,Noun,NA,church
mcs_vc11_circus,circus,circus,circus,circus,places_to_go,NA,NA,Noun,Noun,Noun,NA,circus
mcs_vc11_country,country,country,country,country,places_to_go,NA,NA,Noun,Noun,Noun,NA,country
mcs_vc11_downtown,downtown,downtown,downtown,downtown,places_to_go,NA,NA,Noun,Noun,Noun,NA,downtown
mcs_vc11_farm,farm,farm,farm,farm,places_to_go,NA,NA,Noun,Noun,Noun,NA,farm
mcs_vc11_gasstation,gasstation,gasstation,gasstation,gasstation,places_to_go,NA,NA,Noun,Noun,Noun,NA,gas+station
mcs_vc11_home,home,home,home,home,places_to_go,NA,NA,Noun,Noun,Noun,NA,home
mcs_vc11_house,house,house,house,house,places_to_go,NA,NA,Noun,Noun,Noun,NA,house
mcs_vc11_movie,movie,movie,movie,movie,places_to_go,NA,NA,Noun,Noun,Noun,NA,movie
mcs_vc11_outside,outside,outside,outside,outside,places_to_go,NA,NA,Noun,Noun,Noun,NA,outside
mcs_vc11_park,park,park,park,park,places_to_go,NA,NA,Noun,Noun,Noun,NA,park
mcs_vc11_party,party,party,party,party,places_to_go,NA,NA,Noun,Noun,Noun,NA,party
mcs_vc11_picnic,picnic,picnic,picnic,picnic,places_to_go,NA,NA,Noun,Noun,Noun,NA,picnic
mcs_vc11_playground,playground,playground,playground,playground,places_to_go,NA,NA,Noun,Noun,Noun,NA,playground
mcs_vc11_school,school,school,school,school,places_to_go,NA,NA,Noun,Noun,Noun,NA,school
mcs_vc11_store,store,store,store,store,places_to_go,NA,NA,Noun,Noun,Noun,NA,store
mcs_vc11_woods,woods,woods,woods,woods,places_to_go,NA,NA,Noun,Noun,Noun,NA,woods
mcs_vc11_work,work,work,work,work_pla,places_to_go,NA,NA,Noun,Noun,Noun,NA,work
mcs_vc11_yard,yard,yard,yard,yard,places_to_go,NA,NA,Noun,Noun,Noun,NA,yard
mcs_vc11_zoo,zoo,zoo,zoo,zoo,places_to_go,NA,NA,Noun,Noun,Noun,NA,zoo
mcs_vc12_aunt,aunt,aunt,aunt,aunt,people,NA,NA,Noun,People,People,NA,aunt
mcs_vc12_baby,baby,baby,baby,baby,people,NA,NA,Noun,People,People,NA,baby
mcs_vc12_babysitter,babysitter,babysitter,babysitter,babysitter,people,NA,NA,Noun,People,People,NA,babysitter
mcs_vc12_babysittername,babysitter'sname,babysitter'sname,babysitter'sname,babysitter'sname,people,NA,NA,Noun,People,People,NA,babysitter's+name
mcs_vc12_boy,boy,boy,boy,boy,people,NA,NA,Noun,People,People,NA,boy
mcs_vc12_brother,brother,brother,brother,brother,people,NA,NA,Noun,People,People,NA,brother
mcs_vc12_child,child,child,child,child,people,NA,NA,Noun,People,People,NA,child
mcs_vc12_clown,clown,clown,clown,clown,people,NA,NA,Noun,People,People,NA,clown
mcs_vc12_cowboy,cowboy,cowboy,cowboy,cowboy,people,NA,NA,Noun,People,People,NA,cowboy
mcs_vc12_daddy,daddy,daddy,daddy,daddy,people,NA,NA,Noun,People,People,NA,daddy
mcs_vc12_doctor,doctor,doctor,doctor,doctor,people,NA,NA,Noun,People,People,NA,doctor
mcs_vc12_fireman,fireman,fireman,fireman,fireman,people,NA,NA,Noun,People,People,NA,fireman
mcs_vc12_friend,friend,friend,friend,friend,people,NA,NA,Noun,People,People,NA,friend
mcs_vc12_girl,girl,girl,girl,girl,people,NA,NA,Noun,People,People,NA,girl
mcs_vc12_grandma,grandma,grandma,grandma,grandma,people,NA,NA,Noun,People,People,NA,grandma
mcs_vc12_grandpa,grandpa,grandpa,grandpa,grandpa,people,NA,NA,Noun,People,People,NA,grandpa
mcs_vc12_lady,lady,lady,lady,lady,people,NA,NA,Noun,People,People,NA,lady
mcs_vc12_mailman,mailman,mailman,mailman,mailman,people,NA,NA,Noun,People,People,NA,mailman
mcs_vc12_man,man,man,man,man,people,NA,NA,Noun,People,People,NA,man
mcs_vc12_mommy,mommy,mommy,mommy,mommy,people,NA,NA,Noun,People,People,NA,mommy
mcs_vc12_nurse,nurse,nurse,nurse,nurse,people,NA,NA,Noun,People,People,NA,nurse
mcs_vc12_childname,childname,childname,childname,childname,people,NA,NA,Noun,People,People,NA,child's+own+name
mcs_vc12_people,people,people,people,people,people,NA,NA,Noun,People,People,NA,people
mcs_vc12_person,person,person,person,person,people,NA,NA,Noun,People,People,NA,person
mcs_vc12_petname,petname,petname,petname,petname,people,NA,NA,Noun,People,People,NA,pet's+name
mcs_vc12_police,police,police,police,police,people,NA,NA,Noun,People,People,NA,police
mcs_vc12_sister,sister,sister,sister,sister,people,NA,NA,Noun,People,People,NA,sister
mcs_vc12_teacher,teacher,teacher,teacher,teacher,people,NA,NA,Noun,People,People,NA,teacher
mcs_vc12_uncle,uncle,uncle,uncle,uncle,people,NA,NA,Noun,People,People,NA,uncle
mcs_vc13_bath,bath,bath,bath,bath,games_routines,NA,NA,Noun,Noun,Noun,NA,bath
mcs_vc13_breakfast,breakfast,breakfast,breakfast,breakfast,games_routines,NA,NA,Noun,Noun,Noun,NA,breakfast
mcs_vc13_bye,bye,bye,bye,bye,games_routines,NA,NA,NA,NA,NA,NA,bye
mcs_vc13_callph,callph,callph,callph,callph,games_routines,NA,NA,NA,NA,NA,NA,call
mcs_vc13_dinner,dinner,dinner,dinner,dinner,games_routines,NA,NA,Noun,Noun,Noun,NA,dinner
mcs_vc13_givemefive,givemefive,givemefive,givemefive,givemefive,games_routines,NA,NA,NA,NA,NA,NA,give+me+five!
mcs_vc13_gonnagetyou,gonnagetyou,gonnagetyou,gonnagetyou,gonnagetyou,games_routines,NA,NA,NA,NA,NA,NA,gonna+get+you!
mcs_vc13_gopotty,gopotty,gopotty,gopotty,gopotty,games_routines,NA,NA,NA,NA,NA,NA,go+potty
mcs_vc13_hi,hi,hi,hi,hi,games_routines,NA,NA,NA,NA,NA,NA,hi
mcs_vc13_hello,hello,hello,hello,hello,games_routines,NA,NA,NA,NA,NA,NA,hello
mcs_vc13_lunch,lunch,lunch,lunch,lunch,games_routines,NA,NA,Noun,Noun,Noun,NA,lunch
mcs_vc13_nap,nap,nap,nap,nap,games_routines,NA,NA,Noun,NA,NA,NA,nap
mcs_vc13_night,nightnight,nightnight,nightnight,nightnight,games_routines,NA,NA,NA,NA,NA,NA,night+night
mcs_vc13_no,no,no,no,no,games_routines,NA,NA,NA,NA,NA,NA,no
mcs_vc13_pattycake,pattycake,pattycake,pattycake,pattycake,games_routines,NA,NA,Noun,NA,NA,NA,pattycake
mcs_vc13_peekaboo,peekaboo,peekaboo,peekaboo,peekaboo,games_routines,NA,NA,Noun,NA,NA,NA,peekaboo
mcs_vc13_please,please,please,please,please,games_routines,NA,NA,NA,NA,NA,NA,please
mcs_vc13_shush,shush,shush,shush,shush,games_routines,NA,NA,NA,NA,NA,NA,shh/shush/hush
mcs_vc13_shopping,shopping,shopping,shopping,shopping,games_routines,NA,NA,NA,NA,NA,NA,shopping
mcs_vc13_snack,snack,snack,snack,snack,games_routines,NA,NA,Noun,Noun,Noun,NA,snack
mcs_vc13_sobig,sobig,sobig,sobig,sobig,games_routines,NA,NA,NA,NA,NA,NA,so+big!
mcs_vc13_thankyou,thankyou,thankyou,thankyou,thankyou,games_routines,NA,NA,NA,NA,NA,NA,thank+you
mcs_vc13_thislittlepiggy,thislittlepiggy,thislittlepiggy,thislittlepiggy,thislittlepiggy,games_routines,NA,NA,NA,NA,NA,NA,this+little+piggy
mcs_vc13_turnaround,turnaround,turnaround,turnaround,turnaround,games_routines,NA,NA,Predicate,NA,NA,NA,turn+around
mcs_vc13_yes,yes,yes,yes,yes,games_routines,NA,NA,NA,NA,NA,NA,yes
mcs_vc14_bite,bite,bite,bite,bite,action_words,Predicate,Predicate,Predicate,Verb,Verb,Verb,bite
mcs_vc14_blow,blow,blow,blow,blow,action_words,Predicate,Predicate,Predicate,Verb,Verb,Verb,blow
mcs_vc14_break,break,break,break,break,action_words,Predicate,Predicate,Predicate,Verb,Verb,Verb,break
mcs_vc14_bring,bring,bring,bring,bring,action_words,Predicate,Predicate,Predicate,Verb,Verb,Verb,bring
mcs_vc14_build,build,build,build,build,action_words,Predicate,Predicate,Predicate,Verb,Verb,Verb,build
mcs_vc14_bump,bump,bump,bump,bump,action_words,Predicate,Predicate,Predicate,Verb,Verb,Verb,bump
mcs_vc14_buy,buy,buy,buy,buy,action_words,Predicate,Predicate,Predicate,Verb,Verb,Verb,buy
mcs_vc14_carry,carry,carry,carry,carry,action_words,Predicate,Predicate,Predicate,Verb,Verb,Verb,carry
mcs_vc14_catch,catch,catch,catch,catch,action_words,Predicate,Predicate,Predicate,Verb,Verb,Verb,catch
mcs_vc14_chase,chase,chase,chase,chase,action_words,Predicate,Predicate,Predicate,Verb,Verb,Verb,chase
mcs_vc14_clap,clap,clap,clap,clap,action_words,Predicate,Predicate,Predicate,Verb,Verb,Verb,clap
mcs_vc14_clean,clean,clean,clean,clean_act,action_words,Predicate,Predicate,Predicate,Verb,Verb,Verb,clean
mcs_vc14_climb,climb,climb,climb,climb,action_words,Predicate,Predicate,Predicate,Verb,Verb,Verb,climb
mcs_vc14_close,close,close,close,close,action_words,Predicate,Predicate,Predicate,Verb,Verb,Verb,close
mcs_vc14_cook,cook,cook,cook,cook,action_words,Predicate,Predicate,Predicate,Verb,Verb,Verb,cook
mcs_vc14_cover,cover,cover,cover,cover,action_words,Predicate,Predicate,Predicate,Verb,Verb,Verb,cover
mcs_vc14_cry,cry,cry,cry,cry,action_words,Predicate,Predicate,Predicate,Verb,Verb,Verb,cry
mcs_vc14_cut,cut,cut,cut,cut,action_words,Predicate,Predicate,Predicate,Verb,Verb,Verb,cut
mcs_vc14_dance,dance,dance,dance,dance,action_words,Predicate,Predicate,Predicate,Verb,Verb,Verb,dance
mcs_vc14_draw,draw,draw,draw,draw,action_words,Predicate,Predicate,Predicate,Verb,Verb,Verb,draw
mcs_vc14_drink,drink,drink,drink,drink_act,action_words,Predicate,Predicate,Predicate,Verb,Verb,Verb,drink
mcs_vc14_drive,drive,drive,drive,drive,action_words,Predicate,Predicate,Predicate,Verb,Verb,Verb,drive
mcs_vc14_drop,drop,drop,drop,drop,action_words,Predicate,Predicate,Predicate,Verb,Verb,Verb,drop
mcs_vc14_dry,dry,dry,dry,dry,action_words,Predicate,Predicate,Predicate,Verb,Verb,Verb,dry
mcs_vc14_dump,dump,dump,dump,dump,action_words,Predicate,Predicate,Predicate,Verb,Verb,Verb,dump
mcs_vc14_eat,eat,eat,eat,eat,action_words,Predicate,Predicate,Predicate,Verb,Verb,Verb,eat
mcs_vc14_fall,fall,fall,fall,fall,action_words,Predicate,Predicate,Predicate,Verb,Verb,Verb,fall
mcs_vc14_feed,feed,feed,feed,feed,action_words,Predicate,Predicate,Predicate,Verb,Verb,Verb,feed
mcs_vc14_find,find,find,find,find,action_words,Predicate,Predicate,Predicate,Verb,Verb,Verb,find
mcs_vc14_finish,finish,finish,finish,finish,action_words,Predicate,Predicate,Predicate,Verb,Verb,Verb,finish
mcs_vc14_fit,fit,fit,fit,fit,action_words,Predicate,Predicate,Predicate,Verb,Verb,Verb,fit
mcs_vc14_fix,fix,fix,fix,fix,action_words,Predicate,Predicate,Predicate,Verb,Verb,Verb,fix
mcs_vc14_get,get,get,get,get,action_words,Predicate,Predicate,Predicate,Verb,Verb,Verb,get
mcs_vc14_give,give,give,give,give,action_words,Predicate,Predicate,Predicate,Verb,Verb,Verb,give
mcs_vc14_go,go,go,go,go,action_words,Predicate,Predicate,Predicate,Verb,Verb,Verb,go
mcs_vc14_hate,hate,hate,hate,hate,action_words,Predicate,Predicate,Predicate,Verb,Verb,Verb,hate
mcs_vc14_have,have,have,have,have,action_words,Predicate,Predicate,Predicate,NA,NA,Verb,have
mcs_vc14_hear,hear,hear,hear,hear,action_words,Predicate,Predicate,Predicate,Verb,Verb,Verb,hear
mcs_vc14_help,help,help,help,help,action_words,Predicate,Predicate,Predicate,Verb,Verb,Verb,help
mcs_vc14_hide,hide,hide,hide,hide,action_words,Predicate,Predicate,Predicate,Verb,Verb,Verb,hide
mcs_vc14_hit,hit,hit,hit,hit,action_words,Predicate,Predicate,Predicate,Verb,Verb,Verb,hit
mcs_vc14_hold,hold,hold,hold,hold,action_words,Predicate,Predicate,Predicate,Verb,Verb,Verb,hold
mcs_vc14_hug,hug,hug,hug,hug,action_words,Predicate,Predicate,Predicate,Verb,Verb,Verb,hug
mcs_vc14_hurry,hurry,hurry,hurry,hurry,action_words,Predicate,Predicate,Predicate,Verb,Verb,Verb,hurry
mcs_vc14_jump,jump,jump,jump,jump,action_words,Predicate,Predicate,Predicate,Verb,Verb,Verb,jump
mcs_vc14_kick,kick,kick,kick,kick,action_words,Predicate,Predicate,Predicate,Verb,Verb,Verb,kick
mcs_vc14_kiss,kiss,kiss,kiss,kiss,action_words,Predicate,Predicate,Predicate,Verb,Verb,Verb,kiss
mcs_vc14_knock,knock,knock,knock,knock,action_words,Predicate,Predicate,Predicate,Verb,Verb,Verb,knock
mcs_vc14_lick,lick,lick,lick,lick,action_words,Predicate,Predicate,Predicate,Verb,Verb,Verb,lick
mcs_vc14_like,like,like,like,like,action_words,Predicate,Predicate,Predicate,Verb,Verb,Verb,like
mcs_vc14_listen,listen,listen,listen,listen,action_words,Predicate,Predicate,Predicate,Verb,Verb,Verb,listen
mcs_vc14_look,look,look,look,look,action_words,Predicate,Predicate,Predicate,Verb,Verb,Verb,look
mcs_vc14_love,love,love,love,love,action_words,Predicate,Predicate,Predicate,Verb,Verb,Verb,love
mcs_vc14_make,make,make,make,make,action_words,Predicate,Predicate,Predicate,Verb,Verb,Verb,make
mcs_vc14_open,open,open,open,open,action_words,Predicate,Predicate,Predicate,Verb,Verb,Verb,open
mcs_vc14_paint,paint,paint,paint,paint,action_words,Predicate,Predicate,Predicate,Verb,Verb,Verb,paint
mcs_vc14_pick,pick,pick,pick,pick,action_words,Predicate,Predicate,Predicate,Verb,Verb,Verb,pick
mcs_vc14_play,play,play,play,play,action_words,Predicate,Predicate,Predicate,Verb,Verb,Verb,play
mcs_vc14_pour,pour,pour,pour,pour,action_words,Predicate,Predicate,Predicate,Verb,Verb,Verb,pour
mcs_vc14_pretend,pretend,pretend,pretend,pretend,action_words,Predicate,Predicate,Predicate,Verb,Verb,Verb,pretend
mcs_vc14_pull,pull,pull,pull,pull,action_words,Predicate,Predicate,Predicate,Verb,Verb,Verb,pull
mcs_vc14_push,push,push,push,push,action_words,Predicate,Predicate,Predicate,Verb,Verb,Verb,push
mcs_vc14_put,put,put,put,put,action_words,Predicate,Predicate,Predicate,Verb,Verb,Verb,put
mcs_vc14_read,read,read,read,read,action_words,Predicate,Predicate,Predicate,Verb,Verb,Verb,read
mcs_vc14_ride,ride,ride,ride,ride,action_words,Predicate,Predicate,Predicate,Verb,Verb,Verb,ride
mcs_vc14_rip,rip,rip,rip,rip,action_words,Predicate,Predicate,Predicate,Verb,Verb,Verb,rip
mcs_vc14_run,run,run,run,run,action_words,Predicate,Predicate,Predicate,Verb,Verb,Verb,run
mcs_vc14_say,say,say,say,say,action_words,Predicate,Predicate,Predicate,Verb,Verb,Verb,say
mcs_vc14_see,see,see,see,see,action_words,Predicate,Predicate,Predicate,Verb,Verb,Verb,see
mcs_vc14_shake,shake,shake,shake,shake,action_words,Predicate,Predicate,Predicate,Verb,Verb,Verb,shake
mcs_vc14_share,share,share,share,share,action_words,Predicate,Predicate,Predicate,Verb,Verb,Verb,share
mcs_vc14_show,show,show,show,show,action_words,Predicate,Predicate,Predicate,Verb,Verb,Verb,show
mcs_vc14_sing,sing,sing,sing,sing,action_words,Predicate,Predicate,Predicate,Verb,Verb,Verb,sing
mcs_vc14_sit,sit,sit,sit,sit,action_words,Predicate,Predicate,Predicate,Verb,Verb,Verb,sit
mcs_vc14_skate,skate,skate,skate,skate,action_words,Predicate,Predicate,Predicate,Verb,Verb,Verb,skate
mcs_vc14_sleep,sleep,sleep,sleep,sleep,action_words,Predicate,Predicate,Predicate,Verb,Verb,Verb,sleep
mcs_vc14_slide,slide,slide,slide,slide_act,action_words,Predicate,Predicate,Predicate,Verb,Verb,Verb,slide
mcs_vc14_smile,smile,smile,smile,smile,action_words,Predicate,Predicate,Predicate,Verb,Verb,Verb,smile
mcs_vc14_splash,splash,splash,splash,splash,action_words,Predicate,Predicate,Predicate,Verb,Verb,Verb,splash
mcs_vc14_stand,stand,stand,stand,stand,action_words,Predicate,Predicate,Predicate,Verb,Verb,Verb,stand
mcs_vc14_stay,stay,stay,stay,stay,action_words,Predicate,Predicate,Predicate,Verb,Verb,Verb,stay
mcs_vc14_stop,stop,stop,stop,stop,action_words,Predicate,Predicate,Predicate,Verb,Verb,Verb,stop
mcs_vc14_sweep,sweep,sweep,sweep,sweep,action_words,Predicate,Predicate,Predicate,Verb,Verb,Verb,sweep
mcs_vc14_swim,swim,swim,swim,swim,action_words,Predicate,Predicate,Predicate,Verb,Verb,Verb,swim
mcs_vc14_swing,swing,swing,swing,swing_act,action_words,Predicate,Predicate,Predicate,Verb,Verb,Verb,swing
mcs_vc14_take,take,take,take,take,action_words,Predicate,Predicate,Predicate,Verb,Verb,Verb,take
mcs_vc14_talk,talk,talk,talk,talk,action_words,Predicate,Predicate,Predicate,Verb,Verb,Verb,talk
mcs_vc14_taste,taste,taste,taste,taste,action_words,Predicate,Predicate,Predicate,Verb,Verb,Verb,taste
mcs_vc14_tear,tear,tear,tear,tear,action_words,Predicate,Predicate,Predicate,Verb,Verb,Verb,tear
mcs_vc14_think,think,think,think,think,action_words,Predicate,Predicate,Predicate,Verb,Verb,Verb,think
mcs_vc14_throw,throw,throw,throw,throw,action_words,Predicate,Predicate,Predicate,Verb,Verb,Verb,throw
mcs_vc14_tickle,tickle,tickle,tickle,tickle,action_words,Predicate,Predicate,Predicate,Verb,Verb,Verb,tickle
mcs_vc14_touch,touch,touch,touch,touch,action_words,Predicate,Predicate,Predicate,Verb,Verb,Verb,touch
mcs_vc14_wait,wait,wait,wait,wait,action_words,Predicate,Predicate,Predicate,Verb,Verb,Verb,wait
mcs_vc14_wake,wake,wake,wake,wake,action_words,Predicate,Predicate,Predicate,Verb,Verb,Verb,wake
mcs_vc14_walk,walk,walk,walk,walk,action_words,Predicate,Predicate,Predicate,Verb,Verb,Verb,walk
mcs_vc14_wash,wash,wash,wash,wash,action_words,Predicate,Predicate,Predicate,Verb,Verb,Verb,wash
mcs_vc14_watch,watch,watch,watch,watch_act,action_words,Predicate,Predicate,Predicate,Verb,Verb,Verb,watch
mcs_vc14_wipe,wipe,wipe,wipe,wipe,action_words,Predicate,Predicate,Predicate,Verb,Verb,Verb,wipe
mcs_vc14_wish,wish,wish,wish,wish,action_words,Predicate,Predicate,Predicate,Verb,Verb,Verb,wish
mcs_vc14_work,work,work,work,work_act,action_words,Predicate,Predicate,Predicate,Verb,Verb,Verb,work
mcs_vc14_write,write,write,write,write,action_words,Predicate,Predicate,Predicate,Verb,Verb,Verb,write
mcs_vc15_allgone,allgone,allgone,allgone,allgone,descriptive_words,Predicate,Predicate,Predicate,Adjective,Adjective,Predicate,all+gone
mcs_vc15_asleep,asleep,asleep,asleep,asleep,descriptive_words,Predicate,Predicate,Predicate,Adjective,Adjective,Predicate,asleep
mcs_vc15_awake,awake,awake,awake,awake,descriptive_words,Predicate,Predicate,Predicate,Adjective,Adjective,Predicate,awake
mcs_vc15_bad,bad,bad,bad,bad,descriptive_words,Predicate,Predicate,Predicate,Adjective,Adjective,Predicate,bad
mcs_vc15_better,better,better,better,better,descriptive_words,Predicate,Predicate,Predicate,Adjective,Adjective,Predicate,better
mcs_vc15_big,big,big,big,big,descriptive_words,Predicate,Predicate,Predicate,Adjective,Adjective,Predicate,big
mcs_vc15_black,black,black,black,black,descriptive_words,Predicate,Predicate,Predicate,Adjective,Adjective,Predicate,black
mcs_vc15_blue,blue,blue,blue,blue,descriptive_words,Predicate,Predicate,Predicate,Adjective,Adjective,Predicate,blue
mcs_vc15_broken,broken,broken,broken,broken,descriptive_words,Predicate,Predicate,Predicate,Adjective,Adjective,Predicate,broken
mcs_vc15_brown,brown,brown,brown,brown,descriptive_words,Predicate,Predicate,Predicate,Adjective,Adjective,Predicate,brown
mcs_vc15_careful,careful,careful,careful,careful,descriptive_words,Predicate,Predicate,Predicate,Adjective,Adjective,Predicate,careful
mcs_vc15_clean,clean,clean,clean,clean_des,descriptive_words,Predicate,Predicate,Predicate,Adjective,Adjective,Predicate,clean
mcs_vc15_cold,cold,cold,cold,cold,descriptive_words,Predicate,Predicate,Predicate,Adjective,Adjective,Predicate,cold
mcs_vc15_cute,cute,cute,cute,cute,descriptive_words,Predicate,Predicate,Predicate,Adjective,Adjective,Predicate,cute
mcs_vc15_dark,dark,dark,dark,dark,descriptive_words,Predicate,Predicate,Predicate,Adjective,Adjective,Predicate,dark
mcs_vc15_dirty,dirty,dirty,dirty,dirty,descriptive_words,Predicate,Predicate,Predicate,Adjective,Adjective,Predicate,dirty
mcs_vc15_dry,dry,dry,dry,dry_des,descriptive_words,Predicate,Predicate,Predicate,Adjective,Adjective,Predicate,dry
mcs_vc15_empty,empty,empty,empty,empty,descriptive_words,Predicate,Predicate,Predicate,Adjective,Adjective,Predicate,empty
mcs_vc15_fast,fast,fast,fast,fast,descriptive_words,Predicate,Predicate,Predicate,Adjective,Adjective,Predicate,fast
mcs_vc15_fine,fine,fine,fine,fine,descriptive_words,Predicate,Predicate,Predicate,Adjective,Adjective,Predicate,fine
mcs_vc15_first,first,first,first,first,descriptive_words,Predicate,Predicate,Predicate,Adjective,Adjective,Predicate,first
mcs_vc15_full,full,full,full,full,descriptive_words,Predicate,Predicate,Predicate,Adjective,Adjective,Predicate,full
mcs_vc15_gentle,gentle,gentle,gentle,gentle,descriptive_words,Predicate,Predicate,Predicate,Adjective,Adjective,Predicate,gentle
mcs_vc15_good,good,good,good,good,descriptive_words,Predicate,Predicate,Predicate,Adjective,Adjective,Predicate,good
mcs_vc15_green,green,green,green,green,descriptive_words,Predicate,Predicate,Predicate,Adjective,Adjective,Predicate,green
mcs_vc15_happy,happy,happy,happy,happy,descriptive_words,Predicate,Predicate,Predicate,Adjective,Adjective,Predicate,happy
mcs_vc15_hard,hard,hard,hard,hard,descriptive_words,Predicate,Predicate,Predicate,Adjective,Adjective,Predicate,hard
mcs_vc15_heavy,heavy,heavy,heavy,heavy,descriptive_words,Predicate,Predicate,Predicate,Adjective,Adjective,Predicate,heavy
mcs_vc15_high,high,high,high,high,descriptive_words,Predicate,Predicate,Predicate,Adjective,Adjective,Predicate,high
mcs_vc15_hot,hot,hot,hot,hot,descriptive_words,Predicate,Predicate,Predicate,Adjective,Adjective,Predicate,hot
mcs_vc15_hungry,hungry,hungry,hungry,hungry,descriptive_words,Predicate,Predicate,Predicate,Adjective,Adjective,Predicate,hungry
mcs_vc15_hurt,hurt,hurt,hurt,hurt,descriptive_words,Predicate,Predicate,Predicate,Adjective,Adjective,Predicate,hurt
mcs_vc15_last,last,last,last,last,descriptive_words,Predicate,Predicate,Predicate,Adjective,Adjective,Predicate,last
mcs_vc15_little,little,little,little,little_des,descriptive_words,Predicate,Predicate,Predicate,Adjective,Adjective,Predicate,little
mcs_vc15_long,long,long,long,long,descriptive_words,Predicate,Predicate,Predicate,Adjective,Adjective,Predicate,long
mcs_vc15_loud,loud,loud,loud,loud,descriptive_words,Predicate,Predicate,Predicate,Adjective,Adjective,Predicate,loud
mcs_vc15_mad,mad,mad,mad,mad,descriptive_words,Predicate,Predicate,Predicate,Adjective,Adjective,Predicate,mad
mcs_vc15_naughty,naughty,naughty,naughty,naughty,descriptive_words,Predicate,Predicate,Predicate,Adjective,Adjective,Predicate,naughty
mcs_vc15_new,new,new,new,new,descriptive_words,Predicate,Predicate,Predicate,Adjective,Adjective,Predicate,new
mcs_vc15_nice,nice,nice,nice,nice,descriptive_words,Predicate,Predicate,Predicate,Adjective,Adjective,Predicate,nice
mcs_vc15_noisy,noisy,noisy,noisy,noisy,descriptive_words,Predicate,Predicate,Predicate,Adjective,Adjective,Predicate,noisy
mcs_vc15_old,old,old,old,old,descriptive_words,Predicate,Predicate,Predicate,Adjective,Adjective,Predicate,old
mcs_vc15_orange,orange,orange,orange,orange_des,descriptive_words,Predicate,Predicate,Predicate,Adjective,Adjective,Predicate,orange
mcs_vc15_poor,poor,poor,poor,poor,descriptive_words,Predicate,Predicate,Predicate,Adjective,Adjective,Predicate,poor
mcs_vc15_pretty,pretty,pretty,pretty,pretty,descriptive_words,Predicate,Predicate,Predicate,Adjective,Adjective,Predicate,pretty
mcs_vc15_quiet,quiet,quiet,quiet,quiet,descriptive_words,Predicate,Predicate,Predicate,Adjective,Adjective,Predicate,quiet
mcs_vc15_red,red,red,red,red,descriptive_words,Predicate,Predicate,Predicate,Adjective,Adjective,Predicate,red
mcs_vc15_sad,sad,sad,sad,sad,descriptive_words,Predicate,Predicate,Predicate,Adjective,Adjective,Predicate,sad
mcs_vc15_scared,scared,scared,scared,scared,descriptive_words,Predicate,Predicate,Predicate,Adjective,Adjective,Predicate,scared
mcs_vc15_sick,sick,sick,sick,sick,descriptive_words,Predicate,Predicate,Predicate,Adjective,Adjective,Predicate,sick
mcs_vc15_sleepy,sleepy,sleepy,sleepy,sleepy,descriptive_words,Predicate,Predicate,Predicate,Adjective,Adjective,Predicate,sleepy
mcs_vc15_slow,slow,slow,slow,slow,descriptive_words,Predicate,Predicate,Predicate,Adjective,Adjective,Predicate,slow
mcs_vc15_soft,soft,soft,soft,soft,descriptive_words,Predicate,Predicate,Predicate,Adjective,Adjective,Predicate,soft
mcs_vc15_sticky,sticky,sticky,sticky,sticky,descriptive_words,Predicate,Predicate,Predicate,Adjective,Adjective,Predicate,sticky
mcs_vc15_stuck,stuck,stuck,stuck,stuck,descriptive_words,Predicate,Predicate,Predicate,Adjective,Adjective,Predicate,stuck
mcs_vc15_thirsty,thirsty,thirsty,thirsty,thirsty,descriptive_words,Predicate,Predicate,Predicate,Adjective,Adjective,Predicate,thirsty
mcs_vc15_tiny,tiny,tiny,tiny,tiny,descriptive_words,Predicate,Predicate,Predicate,Adjective,Adjective,Predicate,tiny
mcs_vc15_tired,tired,tired,tired,tired,descriptive_words,Predicate,Predicate,Predicate,Adjective,Adjective,Predicate,tired
mcs_vc15_wet,wet,wet,wet,wet,descriptive_words,Predicate,Predicate,Predicate,Adjective,Adjective,Predicate,wet
mcs_vc15_white,white,white,white,white,descriptive_words,Predicate,Predicate,Predicate,Adjective,Adjective,Predicate,white
mcs_vc15_windy,windy,windy,windy,windy,descriptive_words,Predicate,Predicate,Predicate,Adjective,Adjective,Predicate,windy
mcs_vc15_yellow,yellow,yellow,yellow,yellow,descriptive_words,Predicate,Predicate,Predicate,Adjective,Adjective,Predicate,yellow
mcs_vc15_yucky,yucky,yucky,yucky,yucky,descriptive_words,Predicate,Predicate,Predicate,Adjective,Adjective,Predicate,yucky
mcs_vc16_after,after,after,after,after,time_words,NA,NA,NA,NA,NA,NA,after
mcs_vc16_before,before,before,before,before,time_words,NA,NA,NA,NA,NA,NA,before
mcs_vc16_day,day,day,day,day,time_words,NA,NA,NA,NA,NA,NA,day
mcs_vc16_later,later,later,later,later,time_words,NA,NA,NA,NA,NA,NA,later
mcs_vc16_morning,morning,morning,morning,morning,time_words,NA,NA,NA,NA,NA,NA,morning
mcs_vc16_night,night,night,night,night,time_words,NA,NA,NA,NA,NA,NA,night
mcs_vc16_now,now,now,now,now,time_words,NA,NA,NA,NA,NA,NA,now
mcs_vc16_time,time,time,time,time,time_words,NA,NA,NA,NA,NA,NA,time
mcs_vc16_today,today,today,today,today,time_words,NA,NA,NA,NA,NA,NA,today
mcs_vc16_tomorrow,tomorrow,tomorrow,tomorrow,tomorrow,time_words,NA,NA,NA,NA,NA,NA,tomorrow
mcs_vc16_tonight,tonight,tonight,tonight,tonight,time_words,NA,NA,NA,NA,NA,NA,tonight
mcs_vc16_yesterday,yesterday,yesterday,yesterday,yesterday,time_words,NA,NA,NA,NA,NA,NA,yesterday
mcs_vc17_he,he,he,he,he,pronouns,ClossedClass,ClossedClass,ClossedClass,ClossedClass,ClossedClass,ClossedClass,he
mcs_vc17_her,her,her,her,her,pronouns,ClossedClass,ClossedClass,ClossedClass,ClossedClass,ClossedClass,ClossedClass,her
mcs_vc17_hers,hers,hers,hers,hers,pronouns,ClossedClass,ClossedClass,ClossedClass,ClossedClass,ClossedClass,ClossedClass,hers
mcs_vc17_him,him,him,him,him,pronouns,ClossedClass,ClossedClass,ClossedClass,ClossedClass,ClossedClass,ClossedClass,him
mcs_vc17_his,his,his,his,his,pronouns,ClossedClass,ClossedClass,ClossedClass,ClossedClass,ClossedClass,ClossedClass,his
mcs_vc17_i,I,I,I,I,pronouns,ClossedClass,ClossedClass,ClossedClass,ClossedClass,ClossedClass,ClossedClass,I
mcs_vc17_it,it,it,it,it,pronouns,ClossedClass,ClossedClass,ClossedClass,ClossedClass,ClossedClass,ClossedClass,it
mcs_vc17_me,me,me,me,me,pronouns,ClossedClass,ClossedClass,ClossedClass,ClossedClass,ClossedClass,ClossedClass,me
mcs_vc17_mine,mine,mine,mine,mine,pronouns,ClossedClass,ClossedClass,ClossedClass,ClossedClass,ClossedClass,ClossedClass,mine
mcs_vc17_my,my,my,my,my,pronouns,ClossedClass,ClossedClass,ClossedClass,ClossedClass,ClossedClass,ClossedClass,my
mcs_vc17_myself,myself,myself,myself,myself,pronouns,ClossedClass,ClossedClass,ClossedClass,ClossedClass,ClossedClass,ClossedClass,myself
mcs_vc17_our,our,our,our,our,pronouns,ClossedClass,ClossedClass,ClossedClass,ClossedClass,ClossedClass,ClossedClass,our
mcs_vc17_she,she,she,she,she,pronouns,ClossedClass,ClossedClass,ClossedClass,ClossedClass,ClossedClass,ClossedClass,she
mcs_vc17_that,that,that,that,that,pronouns,ClossedClass,ClossedClass,ClossedClass,ClossedClass,ClossedClass,ClossedClass,that
mcs_vc17_their,their,their,their,their,pronouns,ClossedClass,ClossedClass,ClossedClass,ClossedClass,ClossedClass,ClossedClass,their
mcs_vc17_them,them,them,them,them,pronouns,ClossedClass,ClossedClass,ClossedClass,ClossedClass,ClossedClass,ClossedClass,them
mcs_vc17_these,these,these,these,these,pronouns,ClossedClass,ClossedClass,ClossedClass,ClossedClass,ClossedClass,ClossedClass,these
mcs_vc17_they,they,they,they,they,pronouns,ClossedClass,ClossedClass,ClossedClass,ClossedClass,ClossedClass,ClossedClass,they
mcs_vc17_this,this,this,this,this,pronouns,ClossedClass,ClossedClass,ClossedClass,ClossedClass,ClossedClass,ClossedClass,this
mcs_vc17_those,those,those,those,those,pronouns,ClossedClass,ClossedClass,ClossedClass,ClossedClass,ClossedClass,ClossedClass,those
mcs_vc17_us,us,us,us,us,pronouns,ClossedClass,ClossedClass,ClossedClass,ClossedClass,ClossedClass,ClossedClass,us
mcs_vc17_we,we,we,we,we,pronouns,ClossedClass,ClossedClass,ClossedClass,ClossedClass,ClossedClass,ClossedClass,we
mcs_vc17_you,you,you,you,you,pronouns,ClossedClass,ClossedClass,ClossedClass,ClossedClass,ClossedClass,ClossedClass,you
mcs_vc17_your,your,your,your,your,pronouns,ClossedClass,ClossedClass,ClossedClass,ClossedClass,ClossedClass,ClossedClass,your
mcs_vc17_yourself,yourself,yourself,yourself,yourself,pronouns,ClossedClass,ClossedClass,ClossedClass,ClossedClass,ClossedClass,ClossedClass,yourself
mcs_vc18_how,how,how,how,how,question_words,ClossedClass,ClossedClass,ClossedClass,ClossedClass,ClossedClass,ClossedClass,how
mcs_vc18_what,what,what,what,what,question_words,ClossedClass,ClossedClass,ClossedClass,ClossedClass,ClossedClass,ClossedClass,what
mcs_vc18_when,when,when,when,when,question_words,ClossedClass,ClossedClass,ClossedClass,ClossedClass,ClossedClass,ClossedClass,when
mcs_vc18_where,where,where,where,where,question_words,ClossedClass,ClossedClass,ClossedClass,ClossedClass,ClossedClass,ClossedClass,where
mcs_vc18_which,which,which,which,which,question_words,ClossedClass,ClossedClass,ClossedClass,ClossedClass,ClossedClass,ClossedClass,which
mcs_vc18_who,who,who,who,who,question_words,ClossedClass,ClossedClass,ClossedClass,ClossedClass,ClossedClass,ClossedClass,who
mcs_vc18_why,why,why,why,why,question_words,ClossedClass,ClossedClass,ClossedClass,ClossedClass,ClossedClass,ClossedClass,why
mcs_vc19_about,about,about,about,about,prepositions_and_locations,ClossedClass,ClossedClass,ClossedClass,ClossedClass,ClossedClass,ClossedClass,about
mcs_vc19_above,above,above,above,above,prepositions_and_locations,ClossedClass,ClossedClass,ClossedClass,ClossedClass,ClossedClass,ClossedClass,above
mcs_vc19_around,around,around,around,around,prepositions_and_locations,ClossedClass,ClossedClass,ClossedClass,ClossedClass,ClossedClass,ClossedClass,around
mcs_vc19_at,at,at,at,at,prepositions_and_locations,ClossedClass,ClossedClass,ClossedClass,ClossedClass,ClossedClass,ClossedClass,at
mcs_vc19_away,away,away,away,away,prepositions_and_locations,ClossedClass,ClossedClass,ClossedClass,ClossedClass,ClossedClass,ClossedClass,away
mcs_vc19_back,back,back,back,back,prepositions_and_locations,ClossedClass,ClossedClass,ClossedClass,ClossedClass,ClossedClass,ClossedClass,back
mcs_vc19_behind,behind,behind,behind,behind,prepositions_and_locations,ClossedClass,ClossedClass,ClossedClass,ClossedClass,ClossedClass,ClossedClass,behind
mcs_vc19_beside,beside,beside,beside,beside,prepositions_and_locations,ClossedClass,ClossedClass,ClossedClass,ClossedClass,ClossedClass,ClossedClass,beside
mcs_vc19_by,by,by,by,by,prepositions_and_locations,ClossedClass,ClossedClass,ClossedClass,ClossedClass,ClossedClass,ClossedClass,by
mcs_vc19_down,down,down,down,down,prepositions_and_locations,ClossedClass,ClossedClass,ClossedClass,ClossedClass,ClossedClass,ClossedClass,down
mcs_vc19_for,for,for,for,for,prepositions_and_locations,ClossedClass,ClossedClass,ClossedClass,ClossedClass,ClossedClass,ClossedClass,for
mcs_vc19_here,here,here,here,here,prepositions_and_locations,ClossedClass,ClossedClass,ClossedClass,ClossedClass,ClossedClass,ClossedClass,here
mcs_vc19_inside_in,inside/in,inside/in,inside/in,inside/in,prepositions_and_locations,ClossedClass,ClossedClass,ClossedClass,ClossedClass,ClossedClass,ClossedClass,inside/in
mcs_vc19_into,into,into,into,into,prepositions_and_locations,ClossedClass,ClossedClass,ClossedClass,ClossedClass,ClossedClass,ClossedClass,into
mcs_vc19_nextto,nextto,nextto,nextto,nextto,prepositions_and_locations,ClossedClass,ClossedClass,ClossedClass,ClossedClass,ClossedClass,ClossedClass,next+to
mcs_vc19_of,of,of,of,of,prepositions_and_locations,ClossedClass,ClossedClass,ClossedClass,ClossedClass,ClossedClass,ClossedClass,of
mcs_vc19_off,off,off,off,off,prepositions_and_locations,ClossedClass,ClossedClass,ClossedClass,ClossedClass,ClossedClass,ClossedClass,off
mcs_vc19_on,on,on,on,on,prepositions_and_locations,ClossedClass,ClossedClass,ClossedClass,ClossedClass,ClossedClass,ClossedClass,on
mcs_vc19_ontopof,ontopof,ontopof,ontopof,ontopof,prepositions_and_locations,ClossedClass,ClossedClass,ClossedClass,ClossedClass,ClossedClass,ClossedClass,on+top+of
mcs_vc19_out,out,out,out,out,prepositions_and_locations,ClossedClass,ClossedClass,ClossedClass,ClossedClass,ClossedClass,ClossedClass,out
mcs_vc19_over,over,over,over,over,prepositions_and_locations,ClossedClass,ClossedClass,ClossedClass,ClossedClass,ClossedClass,ClossedClass,over
mcs_vc19_there,there,there,there,there,prepositions_and_locations,ClossedClass,ClossedClass,ClossedClass,ClossedClass,ClossedClass,ClossedClass,there
mcs_vc19_to,to,to,to,to,prepositions_and_locations,ClossedClass,ClossedClass,ClossedClass,ClossedClass,ClossedClass,ClossedClass,to
mcs_vc19_under,under,under,under,under,prepositions_and_locations,ClossedClass,ClossedClass,ClossedClass,ClossedClass,ClossedClass,ClossedClass,under
mcs_vc19_up,up,up,up,up,prepositions_and_locations,ClossedClass,ClossedClass,ClossedClass,ClossedClass,ClossedClass,ClossedClass,up
mcs_vc19_with,with,with,with,with,prepositions_and_locations,ClossedClass,ClossedClass,ClossedClass,ClossedClass,ClossedClass,ClossedClass,with
mcs_vc20_a,a,a,a,a,quantifiers_and_articles,ClossedClass,ClossedClass,ClossedClass,ClossedClass,ClossedClass,ClossedClass,a
mcs_vc20_all,all,all,all,all,quantifiers_and_articles,ClossedClass,ClossedClass,ClossedClass,ClossedClass,ClossedClass,ClossedClass,all
mcs_vc20_alot,alot,alot,alot,alot,quantifiers_and_articles,ClossedClass,ClossedClass,ClossedClass,ClossedClass,ClossedClass,ClossedClass,a+lot
mcs_vc20_an,an,an,an,an,quantifiers_and_articles,ClossedClass,ClossedClass,ClossedClass,ClossedClass,ClossedClass,ClossedClass,an
mcs_vc20_another,another,another,another,another,quantifiers_and_articles,ClossedClass,ClossedClass,ClossedClass,ClossedClass,ClossedClass,ClossedClass,another
mcs_vc20_any,any,any,any,any,quantifiers_and_articles,ClossedClass,ClossedClass,ClossedClass,ClossedClass,ClossedClass,ClossedClass,any
mcs_vc20_each,each,each,each,each,quantifiers_and_articles,ClossedClass,ClossedClass,ClossedClass,ClossedClass,ClossedClass,ClossedClass,each
mcs_vc20_every,every,every,every,every,quantifiers_and_articles,ClossedClass,ClossedClass,ClossedClass,ClossedClass,ClossedClass,ClossedClass,every
mcs_vc20_more,more,more,more,more,quantifiers_and_articles,ClossedClass,ClossedClass,ClossedClass,ClossedClass,ClossedClass,ClossedClass,more
mcs_vc20_much,much,much,much,much,quantifiers_and_articles,ClossedClass,ClossedClass,ClossedClass,ClossedClass,ClossedClass,ClossedClass,much
mcs_vc20_not,not,not,not,not,quantifiers_and_articles,ClossedClass,ClossedClass,ClossedClass,ClossedClass,ClossedClass,ClossedClass,not
mcs_vc20_none,none,none,none,none,quantifiers_and_articles,ClossedClass,ClossedClass,ClossedClass,ClossedClass,ClossedClass,ClossedClass,none
mcs_vc20_other,other,other,other,other,quantifiers_and_articles,ClossedClass,ClossedClass,ClossedClass,ClossedClass,ClossedClass,ClossedClass,other
mcs_vc20_same,same,same,same,same,quantifiers_and_articles,ClossedClass,ClossedClass,ClossedClass,ClossedClass,ClossedClass,ClossedClass,same
mcs_vc20_some,some,some,some,some,quantifiers_and_articles,ClossedClass,ClossedClass,ClossedClass,ClossedClass,ClossedClass,ClossedClass,some
mcs_vc20_the,the,the,the,the,quantifiers_and_articles,ClossedClass,ClossedClass,ClossedClass,ClossedClass,ClossedClass,ClossedClass,the
mcs_vc20_too,too,too,too,too,quantifiers_and_articles,ClossedClass,ClossedClass,ClossedClass,ClossedClass,ClossedClass,ClossedClass,too
mcs_vc21_am,am,am,am,am,helping_verbs,NA,NA,Predicate,NA,NA,NA,am
mcs_vc21_are,are,are,are,are,helping_verbs,NA,NA,Predicate,NA,NA,NA,are
mcs_vc21_be,be,be,be,be,helping_verbs,NA,NA,Predicate,NA,NA,NA,be
mcs_vc21_can,can,can,can (verb),can_v,helping_verbs,NA,NA,Predicate,NA,NA,NA,can
mcs_vc21_could,could,could,could,could,helping_verbs,NA,NA,Predicate,NA,NA,NA,could
mcs_vc21_did,did,did,did,did,helping_verbs,NA,NA,Predicate,NA,NA,NA,did/did+ya
mcs_vc21_do,do,do,do,do,helping_verbs,NA,NA,Predicate,NA,NA,NA,do
mcs_vc21_does,does,does,does,does,helping_verbs,NA,NA,Predicate,NA,NA,NA,does
mcs_vc21_dont,dont,dont,dont,dont,helping_verbs,NA,NA,Predicate,NA,NA,NA,don't
mcs_vc21_gonna,gonna,gonna,gonna,gonna,helping_verbs,NA,NA,Predicate,NA,NA,NA,gonna/going+to
mcs_vc21_gotta,gotta,gotta,gotta,gotta,helping_verbs,NA,NA,Predicate,NA,NA,NA,gotta/got+to
mcs_vc21_hafta,hafta,hafta,hafta,hafta,helping_verbs,NA,NA,Predicate,NA,NA,NA,hafta/have+to
mcs_vc21_is,is,is,is,is,helping_verbs,NA,NA,Predicate,NA,NA,NA,is
mcs_vc21_lemme,lemme,lemme,lemme,lemme,helping_verbs,NA,NA,Predicate,NA,NA,NA,lemme/let+me
mcs_vc21_need,need,need,need,need,helping_verbs,NA,NA,Predicate,NA,NA,NA,need/need+to
mcs_vc21_try,try,try,try,try,helping_verbs,NA,NA,Predicate,NA,NA,NA,try/try+to
mcs_vc21_wanna,wanna,wanna,wanna,wanna,helping_verbs,NA,NA,Predicate,NA,NA,NA,wanna/want+to
mcs_vc21_was,was,was,was,was,helping_verbs,NA,NA,Predicate,NA,NA,NA,was
mcs_vc21_were,were,were,were,were,helping_verbs,NA,NA,Predicate,NA,NA,NA,were
mcs_vc21_will,will,will,will,will,helping_verbs,NA,NA,Predicate,NA,NA,NA,will
mcs_vc21_would,would,would,would,would,helping_verbs,NA,NA,Predicate,NA,NA,NA,would
mcs_vc22_and,and,and,and,and,connecting_words,NA,NA,ClossedClass,NA,NA,NA,and
mcs_vc22_because,because,because,because,because,connecting_words,NA,NA,ClossedClass,NA,NA,NA,because
mcs_vc22_but,but,but,but,but,connecting_words,NA,NA,ClossedClass,NA,NA,NA,but
mcs_vc22_if,if,if,if,if,connecting_words,NA,NA,ClossedClass,NA,NA,NA,if
mcs_vc22_so,so,so,so,so,connecting_words,NA,NA,ClossedClass,NA,NA,NA,so
mcs_vc22_then,then,then,then,then,connecting_words,NA,NA,ClossedClass,NA,NA,NA,then
